DPNOM;DPMP;Población;clave_union
Antioquia;Medellín;2634570;Antioquia_Medellín
Antioquia;Abejorral;21622;Antioquia_Abejorral
Antioquia;Abriaquí;2872;Antioquia_Abriaquí
Antioquia;Alejandría;4989;Antioquia_Alejandría
Antioquia;Amagá;32628;Antioquia_Amagá
Antioquia;Amalfi;28059;Antioquia_Amalfi
Antioquia;Andes;46485;Antioquia_Andes
Antioquia;Angelópolis;6183;Antioquia_Angelópolis
Antioquia;Angostura;12190;Antioquia_Angostura
Antioquia;Anorí;19812;Antioquia_Anorí
Antioquia;Santafé de Antioquia;28246;Antioquia_Santafé de Antioquia
Antioquia;Anzá;7537;Antioquia_Anzá
Antioquia;Apartadó;132328;Antioquia_Apartadó
Antioquia;Arboletes;32478;Antioquia_Arboletes
Antioquia;Argelia;8075;Antioquia_Argelia
Antioquia;Armenia;5450;Antioquia_Armenia
Antioquia;Barbosa;56505;Antioquia_Barbosa
Antioquia;Belmira;6436;Antioquia_Belmira
Antioquia;Bello;570329;Antioquia_Bello
Antioquia;Betania;10985;Antioquia_Betania
Antioquia;Betulia;16722;Antioquia_Betulia
Antioquia;Ciudad Bolívar;27884;Antioquia_Ciudad Bolívar
Antioquia;Briceño;8599;Antioquia_Briceño
Antioquia;Buriticá;10105;Antioquia_Buriticá
Antioquia;Cáceres;31368;Antioquia_Cáceres
Antioquia;Caicedo;8938;Antioquia_Caicedo
Antioquia;Caldas;86667;Antioquia_Caldas
Antioquia;Campamento;9839;Antioquia_Campamento
Antioquia;Cañasgordas;16487;Antioquia_Cañasgordas
Antioquia;Caracolí;4850;Antioquia_Caracolí
Antioquia;Caramanta;4973;Antioquia_Caramanta
Antioquia;Carepa;52540;Antioquia_Carepa
Antioquia;El Carmen de Viboral;64717;Antioquia_El Carmen de Viboral
Antioquia;Carolina;4242;Antioquia_Carolina
Antioquia;Caucasia;98488;Antioquia_Caucasia
Antioquia;Chigorodó;62675;Antioquia_Chigorodó
Antioquia;Cisneros;10495;Antioquia_Cisneros
Antioquia;Cocorná;16686;Antioquia_Cocorná
Antioquia;Concepción;5093;Antioquia_Concepción
Antioquia;Concordia;22905;Antioquia_Concordia
Antioquia;Copacabana;84787;Antioquia_Copacabana
Antioquia;Dabeiba;24765;Antioquia_Dabeiba
Antioquia;Donmatías;20498;Antioquia_Donmatías
Antioquia;Ebéjico;12914;Antioquia_Ebéjico
Antioquia;El Bagre;56681;Antioquia_El Bagre
Antioquia;Entrerríos;12158;Antioquia_Entrerríos
Antioquia;Envigado;250012;Antioquia_Envigado
Antioquia;Fredonia;26163;Antioquia_Fredonia
Antioquia;Frontino;22049;Antioquia_Frontino
Antioquia;Giraldo;5988;Antioquia_Giraldo
Antioquia;Girardota;56312;Antioquia_Girardota
Antioquia;Gómez Plata;10464;Antioquia_Gómez Plata
Antioquia;Granada;10855;Antioquia_Granada
Antioquia;Guadalupe;7015;Antioquia_Guadalupe
Antioquia;Guarne;60148;Antioquia_Guarne
Antioquia;Guatapé;9072;Antioquia_Guatapé
Antioquia;Heliconia;5754;Antioquia_Heliconia
Antioquia;Hispania;5876;Antioquia_Hispania
Antioquia;Itagüí;301428;Antioquia_Itagüí
Antioquia;Ituango;29074;Antioquia_Ituango
Antioquia;Jardín;15637;Antioquia_Jardín
Antioquia;Jericó;14576;Antioquia_Jericó
Antioquia;La Ceja;70868;Antioquia_La Ceja
Antioquia;La Estrella;78143;Antioquia_La Estrella
Antioquia;La Pintada;8689;Antioquia_La Pintada
Antioquia;La Unión;23240;Antioquia_La Unión
Antioquia;Liborina;10709;Antioquia_Liborina
Antioquia;Maceo;8785;Antioquia_Maceo
Antioquia;Marinilla;70392;Antioquia_Marinilla
Antioquia;Montebello;7062;Antioquia_Montebello
Antioquia;Murindó;5332;Antioquia_Murindó
Antioquia;Mutatá;15148;Antioquia_Mutatá
Antioquia;Nariño;10889;Antioquia_Nariño
Antioquia;Necoclí;45834;Antioquia_Necoclí
Antioquia;Nechí;28100;Antioquia_Nechí
Antioquia;Olaya;3350;Antioquia_Olaya
Antioquia;Peñol;22736;Antioquia_Peñol
Antioquia;Peque;8717;Antioquia_Peque
Antioquia;Pueblorrico;9280;Antioquia_Pueblorrico
Antioquia;Puerto Berrío;42468;Antioquia_Puerto Berrío
Antioquia;Puerto Nare;15350;Antioquia_Puerto Nare
Antioquia;Puerto Triunfo;19688;Antioquia_Puerto Triunfo
Antioquia;Remedios;30723;Antioquia_Remedios
Antioquia;Retiro;25589;Antioquia_Retiro
Antioquia;Rionegro;147907;Antioquia_Rionegro
Antioquia;Sabanalarga;9731;Antioquia_Sabanalarga
Antioquia;Sabaneta;90253;Antioquia_Sabaneta
Antioquia;Salgar;19448;Antioquia_Salgar
Antioquia;San Andrés de Cuerquía;7697;Antioquia_San Andrés de Cuerquía
Antioquia;San Carlos;17103;Antioquia_San Carlos
Antioquia;San Francisco;6048;Antioquia_San Francisco
Antioquia;San Jerónimo;16609;Antioquia_San Jerónimo
Antioquia;San José de La Montaña;3941;Antioquia_San José de La Montaña
Antioquia;San Juan de Urabá;21853;Antioquia_San Juan de Urabá
Antioquia;San Luis;13893;Antioquia_San Luis
Antioquia;San Pedro de Los Milagros;23751;Antioquia_San Pedro de Los Milagros
Antioquia;San Pedro de Urabá;33393;Antioquia_San Pedro de Urabá
Antioquia;San Rafael;16753;Antioquia_San Rafael
Antioquia;San Roque;23105;Antioquia_San Roque
Antioquia;San Vicente;23714;Antioquia_San Vicente
Antioquia;Santa Bárbara;28051;Antioquia_Santa Bárbara
Antioquia;Santa Rosa de Osos;39340;Antioquia_Santa Rosa de Osos
Antioquia;Santo Domingo;13163;Antioquia_Santo Domingo
Antioquia;El Santuario;38386;Antioquia_El Santuario
Antioquia;Segovia;41222;Antioquia_Segovia
Antioquia;Sonsón;38784;Antioquia_Sonsón
Antioquia;Sopetrán;16200;Antioquia_Sopetrán
Antioquia;Támesis;17270;Antioquia_Támesis
Antioquia;Tarazá;29306;Antioquia_Tarazá
Antioquia;Tarso;6593;Antioquia_Tarso
Antioquia;Titiribí;11457;Antioquia_Titiribí
Antioquia;Toledo;5296;Antioquia_Toledo
Antioquia;Turbo;135464;Antioquia_Turbo
Antioquia;Uramita;7329;Antioquia_Uramita
Antioquia;Urrao;32366;Antioquia_Urrao
Antioquia;Valdivia;14823;Antioquia_Valdivia
Antioquia;Valparaíso;6966;Antioquia_Valparaíso
Antioquia;Vegachí;12644;Antioquia_Vegachí
Antioquia;Venecia;12407;Antioquia_Venecia
Antioquia;Vigía del Fuerte;9827;Antioquia_Vigía del Fuerte
Antioquia;Yalí;8152;Antioquia_Yalí
Antioquia;Yarumal;44770;Antioquia_Yarumal
Antioquia;Yolombó;24178;Antioquia_Yolombó
Antioquia;Yondó;20870;Antioquia_Yondó
Antioquia;Zaragoza;26392;Antioquia_Zaragoza
Atlántico;Barranquilla;1342818;Atlántico_Barranquilla
Atlántico;Baranoa;70200;Atlántico_Baranoa
Atlántico;Campo de La Cruz;25218;Atlántico_Campo de La Cruz
Atlántico;Candelaria;17839;Atlántico_Candelaria
Atlántico;Galapa;69022;Atlántico_Galapa
Atlántico;Juan de Acosta;23730;Atlántico_Juan de Acosta
Atlántico;Luruaco;31388;Atlántico_Luruaco
Atlántico;Malambo;144883;Atlántico_Malambo
Atlántico;Manatí;22014;Atlántico_Manatí
Atlántico;Palmar de Varela;32573;Atlántico_Palmar de Varela
Atlántico;Piojó;7374;Atlántico_Piojó
Atlántico;Polonuevo;20317;Atlántico_Polonuevo
Atlántico;Ponedera;26872;Atlántico_Ponedera
Atlántico;Puerto Colombia;55835;Atlántico_Puerto Colombia
Atlántico;Repelón;29193;Atlántico_Repelón
Atlántico;Sabanagrande;36547;Atlántico_Sabanagrande
Atlántico;Sabanalarga;104983;Atlántico_Sabanalarga
Atlántico;Santa Lucía;18054;Atlántico_Santa Lucía
Atlántico;Santo Tomás;33555;Atlántico_Santo Tomás
Atlántico;Soledad;686339;Atlántico_Soledad
Atlántico;Suan;13274;Atlántico_Suan
Atlántico;Tubará;19362;Atlántico_Tubará
Atlántico;Usiacurí;13779;Atlántico_Usiacurí
Bogotá, D.C.;Bogotá, D.C.;7937898;Bogotá, D.C._Bogotá DC
Bolívar;Cartagena de Indias;1065881;Bolívar_Cartagena de Indias
Bolívar;Achí;27510;Bolívar_Achí
Bolívar;Altos del Rosario;12279;Bolívar_Altos del Rosario
Bolívar;Arenal;8051;Bolívar_Arenal
Bolívar;Arjona;76455;Bolívar_Arjona
Bolívar;Arroyohondo;8872;Bolívar_Arroyohondo
Bolívar;Barranco de Loba;16421;Bolívar_Barranco de Loba
Bolívar;Calamar;24982;Bolívar_Calamar
Bolívar;Cantagallo;9148;Bolívar_Cantagallo
Bolívar;Cicuco;14845;Bolívar_Cicuco
Bolívar;Córdoba;17685;Bolívar_Córdoba
Bolívar;Clemencia;16365;Bolívar_Clemencia
Bolívar;El Carmen de Bolívar;77061;Bolívar_El Carmen de Bolívar
Bolívar;El Guamo;9549;Bolívar_El Guamo
Bolívar;El Peñón;8209;Bolívar_El Peñón
Bolívar;Hatillo de Loba;13353;Bolívar_Hatillo de Loba
Bolívar;Magangué;147190;Bolívar_Magangué
Bolívar;Mahates;30573;Bolívar_Mahates
Bolívar;Margarita;11883;Bolívar_Margarita
Bolívar;María La Baja;51264;Bolívar_María La Baja
Bolívar;Montecristo;18500;Bolívar_Montecristo
Bolívar;Mompós;49152;Bolívar_Mompós
Bolívar;Morales;24959;Bolívar_Morales
Bolívar;Norosí;10957;Bolívar_Norosí
Bolívar;Pinillos;26866;Bolívar_Pinillos
Bolívar;Regidor;7634;Bolívar_Regidor
Bolívar;Río Viejo;11617;Bolívar_Río Viejo
Bolívar;San Cristóbal;8798;Bolívar_San Cristóbal
Bolívar;San Estanislao;20100;Bolívar_San Estanislao
Bolívar;San Fernando;13934;Bolívar_San Fernando
Bolívar;San Jacinto;26099;Bolívar_San Jacinto
Bolívar;San Jacinto del Cauca;11175;Bolívar_San Jacinto del Cauca
Bolívar;San Juan Nepomuceno;40621;Bolívar_San Juan Nepomuceno
Bolívar;San Martín de Loba;16176;Bolívar_San Martín de Loba
Bolívar;San Pablo;29948;Bolívar_San Pablo
Bolívar;Santa Catalina;16156;Bolívar_Santa Catalina
Bolívar;Santa Rosa;23042;Bolívar_Santa Rosa
Bolívar;Santa Rosa del Sur;36335;Bolívar_Santa Rosa del Sur
Bolívar;Simití;20209;Bolívar_Simití
Bolívar;Soplaviento;11701;Bolívar_Soplaviento
Bolívar;Talaigua Nuevo;14092;Bolívar_Talaigua Nuevo
Bolívar;Tiquisio;19763;Bolívar_Tiquisio
Bolívar;Turbaco;116223;Bolívar_Turbaco
Bolívar;Turbaná;18037;Bolívar_Turbaná
Bolívar;Villanueva;26130;Bolívar_Villanueva
Bolívar;Zambrano;12970;Bolívar_Zambrano
Boyacá;Tunja;188945;Boyacá_Tunja
Boyacá;Almeida;2076;Boyacá_Almeida
Boyacá;Aquitania;16648;Boyacá_Aquitania
Boyacá;Arcabuco;6392;Boyacá_Arcabuco
Boyacá;Belén;8070;Boyacá_Belén
Boyacá;Berbeo;1703;Boyacá_Berbeo
Boyacá;Betéitiva;2083;Boyacá_Betéitiva
Boyacá;Boavita;5487;Boyacá_Boavita
Boyacá;Boyacá;5504;Boyacá_Boyacá
Boyacá;Briceño;2331;Boyacá_Briceño
Boyacá;Buenavista;4732;Boyacá_Buenavista
Boyacá;Busbanzá;1219;Boyacá_Busbanzá
Boyacá;Caldas;3361;Boyacá_Caldas
Boyacá;Campohermoso;3320;Boyacá_Campohermoso
Boyacá;Cerinza;3991;Boyacá_Cerinza
Boyacá;Chinavita;3436;Boyacá_Chinavita
Boyacá;Chiquinquirá;61289;Boyacá_Chiquinquirá
Boyacá;Chiscas;4234;Boyacá_Chiscas
Boyacá;Chita;8475;Boyacá_Chita
Boyacá;Chitaraque;6306;Boyacá_Chitaraque
Boyacá;Chivatá;3012;Boyacá_Chivatá
Boyacá;Ciénega;5007;Boyacá_Ciénega
Boyacá;Cómbita;14183;Boyacá_Cómbita
Boyacá;Coper;3881;Boyacá_Coper
Boyacá;Corrales;2698;Boyacá_Corrales
Boyacá;Covarachía;2967;Boyacá_Covarachía
Boyacá;Cubará;11392;Boyacá_Cubará
Boyacá;Cucaita;4047;Boyacá_Cucaita
Boyacá;Cuítiva;1944;Boyacá_Cuítiva
Boyacá;Chíquiza;5061;Boyacá_Chíquiza
Boyacá;Chivor;2698;Boyacá_Chivor
Boyacá;Duitama;134091;Boyacá_Duitama
Boyacá;El Cocuy;4477;Boyacá_El Cocuy
Boyacá;El Espino;3269;Boyacá_El Espino
Boyacá;Firavitoba;7261;Boyacá_Firavitoba
Boyacá;Floresta;3493;Boyacá_Floresta
Boyacá;Gachantivá;3009;Boyacá_Gachantivá
Boyacá;Gámeza;5203;Boyacá_Gámeza
Boyacá;Garagoa;19582;Boyacá_Garagoa
Boyacá;Guacamayas;1983;Boyacá_Guacamayas
Boyacá;Guateque;11631;Boyacá_Guateque
Boyacá;Guayatá;3579;Boyacá_Guayatá
Boyacá;Güicán de La Sierra;4570;Boyacá_Güicán de La Sierra
Boyacá;Iza;2125;Boyacá_Iza
Boyacá;Jenesano;7829;Boyacá_Jenesano
Boyacá;Jericó;4208;Boyacá_Jericó
Boyacá;Labranzagrande;3755;Boyacá_Labranzagrande
Boyacá;La Capilla;2882;Boyacá_La Capilla
Boyacá;La Victoria;1202;Boyacá_La Victoria
Boyacá;La Uvita;3246;Boyacá_La Uvita
Boyacá;Villa de Leyva;17787;Boyacá_Villa de Leyva
Boyacá;Macanal;5396;Boyacá_Macanal
Boyacá;Maripí;6147;Boyacá_Maripí
Boyacá;Miraflores;9575;Boyacá_Miraflores
Boyacá;Mongua;4980;Boyacá_Mongua
Boyacá;Monguí;4527;Boyacá_Monguí
Boyacá;Moniquirá;24596;Boyacá_Moniquirá
Boyacá;Motavita;6072;Boyacá_Motavita
Boyacá;Muzo;9186;Boyacá_Muzo
Boyacá;Nobsa;17500;Boyacá_Nobsa
Boyacá;Nuevo Colón;5538;Boyacá_Nuevo Colón
Boyacá;Oicatá;3085;Boyacá_Oicatá
Boyacá;Otanche;8699;Boyacá_Otanche
Boyacá;Pachavita;2637;Boyacá_Pachavita
Boyacá;Páez;3499;Boyacá_Páez
Boyacá;Paipa;36778;Boyacá_Paipa
Boyacá;Pajarito;2560;Boyacá_Pajarito
Boyacá;Panqueba;1845;Boyacá_Panqueba
Boyacá;Pauna;7689;Boyacá_Pauna
Boyacá;Paya;2812;Boyacá_Paya
Boyacá;Paz de Río;4560;Boyacá_Paz de Río
Boyacá;Pesca;7256;Boyacá_Pesca
Boyacá;Pisba;1899;Boyacá_Pisba
Boyacá;Puerto Boyacá;51143;Boyacá_Puerto Boyacá
Boyacá;Quípama;5308;Boyacá_Quípama
Boyacá;Ramiriquí;10743;Boyacá_Ramiriquí
Boyacá;Ráquira;8618;Boyacá_Ráquira
Boyacá;Rondón;2564;Boyacá_Rondón
Boyacá;Saboyá;14765;Boyacá_Saboyá
Boyacá;Sáchica;5989;Boyacá_Sáchica
Boyacá;Samacá;20038;Boyacá_Samacá
Boyacá;San Eduardo;1793;Boyacá_San Eduardo
Boyacá;San José de Pare;5380;Boyacá_San José de Pare
Boyacá;San Luis de Gaceno;5919;Boyacá_San Luis de Gaceno
Boyacá;San Mateo;3606;Boyacá_San Mateo
Boyacá;San Miguel de Sema;3228;Boyacá_San Miguel de Sema
Boyacá;San Pablo de Borbur;7166;Boyacá_San Pablo de Borbur
Boyacá;Santana;8230;Boyacá_Santana
Boyacá;Santa María;3767;Boyacá_Santa María
Boyacá;Santa Rosa de Viterbo;14257;Boyacá_Santa Rosa de Viterbo
Boyacá;Santa Sofía;3442;Boyacá_Santa Sofía
Boyacá;Sativanorte;2347;Boyacá_Sativanorte
Boyacá;Sativasur;1177;Boyacá_Sativasur
Boyacá;Siachoque;7275;Boyacá_Siachoque
Boyacá;Soatá;9597;Boyacá_Soatá
Boyacá;Socotá;7770;Boyacá_Socotá
Boyacá;Socha;8592;Boyacá_Socha
Boyacá;Sogamoso;139021;Boyacá_Sogamoso
Boyacá;Somondoco;3096;Boyacá_Somondoco
Boyacá;Sora;3292;Boyacá_Sora
Boyacá;Sotaquirá;8876;Boyacá_Sotaquirá
Boyacá;Soracá;6481;Boyacá_Soracá
Boyacá;Susacón;2882;Boyacá_Susacón
Boyacá;Sutamarchán;6648;Boyacá_Sutamarchán
Boyacá;Sutatenza;4575;Boyacá_Sutatenza
Boyacá;Tasco;6289;Boyacá_Tasco
Boyacá;Tenza;4143;Boyacá_Tenza
Boyacá;Tibaná;9781;Boyacá_Tibaná
Boyacá;Tibasosa;14184;Boyacá_Tibasosa
Boyacá;Tinjacá;3563;Boyacá_Tinjacá
Boyacá;Tipacoque;3548;Boyacá_Tipacoque
Boyacá;Toca;9540;Boyacá_Toca
Boyacá;Togüí;4659;Boyacá_Togüí
Boyacá;Tópaga;3906;Boyacá_Tópaga
Boyacá;Tota;5627;Boyacá_Tota
Boyacá;Tununguá;1645;Boyacá_Tununguá
Boyacá;Turmequé;6598;Boyacá_Turmequé
Boyacá;Tuta;9008;Boyacá_Tuta
Boyacá;Tutazá;2204;Boyacá_Tutazá
Boyacá;Úmbita;8120;Boyacá_Úmbita
Boyacá;Ventaquemada;17192;Boyacá_Ventaquemada
Boyacá;Viracachá;3024;Boyacá_Viracachá
Boyacá;Zetaquira;4996;Boyacá_Zetaquira
Caldas;Manizales;459262;Caldas_Manizales
Caldas;Aguadas;23649;Caldas_Aguadas
Caldas;Anserma;37757;Caldas_Anserma
Caldas;Aranzazu;10910;Caldas_Aranzazu
Caldas;Belalcázar;10995;Caldas_Belalcázar
Caldas;Chinchiná;53884;Caldas_Chinchiná
Caldas;Filadelfia;11779;Caldas_Filadelfia
Caldas;La Dorada;75837;Caldas_La Dorada
Caldas;La Merced;6312;Caldas_La Merced
Caldas;Manzanares;18872;Caldas_Manzanares
Caldas;Marmato;9341;Caldas_Marmato
Caldas;Marquetalia;13763;Caldas_Marquetalia
Caldas;Marulanda;2743;Caldas_Marulanda
Caldas;Neira;21755;Caldas_Neira
Caldas;Norcasia;6168;Caldas_Norcasia
Caldas;Pácora;15866;Caldas_Pácora
Caldas;Palestina;16121;Caldas_Palestina
Caldas;Pensilvania;20450;Caldas_Pensilvania
Caldas;Riosucio;54360;Caldas_Riosucio
Caldas;Risaralda;11367;Caldas_Risaralda
Caldas;Salamina;20172;Caldas_Salamina
Caldas;Samaná;21527;Caldas_Samaná
Caldas;San José;4978;Caldas_San José
Caldas;Supía;30136;Caldas_Supía
Caldas;Victoria;10571;Caldas_Victoria
Caldas;Villamaría;69415;Caldas_Villamaría
Caldas;Viterbo;13292;Caldas_Viterbo
Caquetá;Florencia;180323;Caquetá_Florencia
Caquetá;Albania;4835;Caquetá_Albania
Caquetá;Belén de Los Andaquíes;11644;Caquetá_Belén de Los Andaquíes
Caquetá;Cartagena del Chairá;33032;Caquetá_Cartagena del Chairá
Caquetá;Curillo;8150;Caquetá_Curillo
Caquetá;El Doncello;20491;Caquetá_El Doncello
Caquetá;El Paujíl;19426;Caquetá_El Paujíl
Caquetá;La Montañita;15695;Caquetá_La Montañita
Caquetá;Milán;10421;Caquetá_Milán
Caquetá;Morelia;3953;Caquetá_Morelia
Caquetá;Puerto Rico;28084;Caquetá_Puerto Rico
Caquetá;San José del Fragua;13886;Caquetá_San José del Fragua
Caquetá;San Vicente del Caguán;54932;Caquetá_San Vicente del Caguán
Caquetá;Solano;12196;Caquetá_Solano
Caquetá;Solita;6421;Caquetá_Solita
Caquetá;Valparaíso;7395;Caquetá_Valparaíso
Cauca;Popayán;346403;Cauca_Popayán
Cauca;Almaguer;19850;Cauca_Almaguer
Cauca;Argelia;28420;Cauca_Argelia
Cauca;Balboa;22863;Cauca_Balboa
Cauca;Bolívar;40107;Cauca_Bolívar
Cauca;Buenos Aires;36190;Cauca_Buenos Aires
Cauca;Cajibío;45481;Cauca_Cajibío
Cauca;Caldono;43643;Cauca_Caldono
Cauca;Caloto;31802;Cauca_Caloto
Cauca;Corinto;27394;Cauca_Corinto
Cauca;El Tambo;58323;Cauca_El Tambo
Cauca;Florencia;5572;Cauca_Florencia
Cauca;Guachené;20785;Cauca_Guachené
Cauca;Guapi;29836;Cauca_Guapi
Cauca;Inzá;31405;Cauca_Inzá
Cauca;Jambaló;19482;Cauca_Jambaló
Cauca;La Sierra;11518;Cauca_La Sierra
Cauca;La Vega;26557;Cauca_La Vega
Cauca;López de Micay;20176;Cauca_López de Micay
Cauca;Mercaderes;25437;Cauca_Mercaderes
Cauca;Miranda;34092;Cauca_Miranda
Cauca;Morales;42419;Cauca_Morales
Cauca;Padilla;10720;Cauca_Padilla
Cauca;Páez;50082;Cauca_Páez
Cauca;Patía;39800;Cauca_Patía
Cauca;Piamonte;9919;Cauca_Piamonte
Cauca;Piendamó - Tunía;44400;Cauca_Piendamó - Tunía
Cauca;Puerto Tejada;45047;Cauca_Puerto Tejada
Cauca;Puracé;18804;Cauca_Puracé
Cauca;Rosas;12393;Cauca_Rosas
Cauca;San Sebastián;11872;Cauca_San Sebastián
Cauca;Santander de Quilichao;119121;Cauca_Santander de Quilichao
Cauca;Santa Rosa;5757;Cauca_Santa Rosa
Cauca;Silvia;40773;Cauca_Silvia
Cauca;Sotará Paispamba;15164;Cauca_Sotará Paispamba
Cauca;Suárez;34402;Cauca_Suárez
Cauca;Sucre;10163;Cauca_Sucre
Cauca;Timbío;38470;Cauca_Timbío
Cauca;Timbiquí;28375;Cauca_Timbiquí
Cauca;Toribío;37962;Cauca_Toribío
Cauca;Totoró;26832;Cauca_Totoró
Cauca;Villa Rica;22360;Cauca_Villa Rica
Cesar;Valledupar;575225;Cesar_Valledupar
Cesar;Aguachica;130258;Cesar_Aguachica
Cesar;Agustín Codazzi;71966;Cesar_Agustín Codazzi
Cesar;Astrea;23636;Cesar_Astrea
Cesar;Becerril;25570;Cesar_Becerril
Cesar;Bosconia;47521;Cesar_Bosconia
Cesar;Chimichagua;40249;Cesar_Chimichagua
Cesar;Chiriguaná;32749;Cesar_Chiriguaná
Cesar;Curumaní;44176;Cesar_Curumaní
Cesar;El Copey;35502;Cesar_El Copey
Cesar;El Paso;44223;Cesar_El Paso
Cesar;Gamarra;17686;Cesar_Gamarra
Cesar;González;4976;Cesar_González
Cesar;La Gloria;20247;Cesar_La Gloria
Cesar;La Jagua de Ibirico;55073;Cesar_La Jagua de Ibirico
Cesar;Manaure Balcón del Cesar;11944;Cesar_Manaure Balcón del Cesar
Cesar;Pailitas;21933;Cesar_Pailitas
Cesar;Pelaya;24516;Cesar_Pelaya
Cesar;Pueblo Bello;31738;Cesar_Pueblo Bello
Cesar;Río de Oro;19859;Cesar_Río de Oro
Cesar;La Paz;32819;Cesar_La Paz
Cesar;San Alberto;31090;Cesar_San Alberto
Cesar;San Diego;22369;Cesar_San Diego
Cesar;San Martín;31503;Cesar_San Martín
Cesar;Tamalameque;18031;Cesar_Tamalameque
Córdoba;Montería;531424;Córdoba_Montería
Córdoba;Ayapel;49553;Córdoba_Ayapel
Córdoba;Buenavista;22969;Córdoba_Buenavista
Córdoba;Canalete;16690;Córdoba_Canalete
Córdoba;Cereté;115013;Córdoba_Cereté
Córdoba;Chimá;19160;Córdoba_Chimá
Córdoba;Chinú;52063;Córdoba_Chinú
Córdoba;Ciénaga de Oro;64223;Córdoba_Ciénaga de Oro
Córdoba;Cotorra;20741;Córdoba_Cotorra
Córdoba;La Apartada;15933;Córdoba_La Apartada
Córdoba;Lorica;119228;Córdoba_Lorica
Córdoba;Los Córdobas;20509;Córdoba_Los Córdobas
Córdoba;Momil;21271;Córdoba_Momil
Córdoba;Montelíbano;87197;Córdoba_Montelíbano
Córdoba;Moñitos;32657;Córdoba_Moñitos
Córdoba;Planeta Rica;69377;Córdoba_Planeta Rica
Córdoba;Pueblo Nuevo;38947;Córdoba_Pueblo Nuevo
Córdoba;Puerto Escondido;25919;Córdoba_Puerto Escondido
Córdoba;Puerto Libertador;45766;Córdoba_Puerto Libertador
Córdoba;Purísima de La Concepción;18734;Córdoba_Purísima de La Concepción
Córdoba;Sahagún;116988;Córdoba_Sahagún
Córdoba;San Andrés Sotavento;51180;Córdoba_San Andrés Sotavento
Córdoba;San Antero;36854;Córdoba_San Antero
Córdoba;San Bernardo del Viento;40391;Córdoba_San Bernardo del Viento
Córdoba;San Carlos;29454;Córdoba_San Carlos
Córdoba;San José de Uré;14830;Córdoba_San José de Uré
Córdoba;San Pelayo;55444;Córdoba_San Pelayo
Córdoba;Tierralta;100610;Córdoba_Tierralta
Córdoba;Tuchín;57361;Córdoba_Tuchín
Córdoba;Valencia;38850;Córdoba_Valencia
Cundinamarca;Agua de Dios;14503;Cundinamarca_Agua de Dios
Cundinamarca;Albán;7978;Cundinamarca_Albán
Cundinamarca;Anapoima;18246;Cundinamarca_Anapoima
Cundinamarca;Anolaima;17043;Cundinamarca_Anolaima
Cundinamarca;Arbeláez;12959;Cundinamarca_Arbeláez
Cundinamarca;Beltrán;2217;Cundinamarca_Beltrán
Cundinamarca;Bituima;3004;Cundinamarca_Bituima
Cundinamarca;Bojacá;12557;Cundinamarca_Bojacá
Cundinamarca;Cabrera;5866;Cundinamarca_Cabrera
Cundinamarca;Cachipay;12348;Cundinamarca_Cachipay
Cundinamarca;Cajicá;104598;Cundinamarca_Cajicá
Cundinamarca;Caparrapí;15244;Cundinamarca_Caparrapí
Cundinamarca;Cáqueza;21147;Cundinamarca_Cáqueza
Cundinamarca;Carmen de Carupa;9285;Cundinamarca_Carmen de Carupa
Cundinamarca;Chaguaní;5111;Cundinamarca_Chaguaní
Cundinamarca;Chía;168167;Cundinamarca_Chía
Cundinamarca;Chipaque;11715;Cundinamarca_Chipaque
Cundinamarca;Choachí;13519;Cundinamarca_Choachí
Cundinamarca;Chocontá;25682;Cundinamarca_Chocontá
Cundinamarca;Cogua;27695;Cundinamarca_Cogua
Cundinamarca;Cota;41477;Cundinamarca_Cota
Cundinamarca;Cucunubá;9477;Cundinamarca_Cucunubá
Cundinamarca;El Colegio;29955;Cundinamarca_El Colegio
Cundinamarca;El Peñón;5665;Cundinamarca_El Peñón
Cundinamarca;El Rosal;26738;Cundinamarca_El Rosal
Cundinamarca;Facatativá;177093;Cundinamarca_Facatativá
Cundinamarca;Fómeque;14841;Cundinamarca_Fómeque
Cundinamarca;Fosca;7068;Cundinamarca_Fosca
Cundinamarca;Funza;118669;Cundinamarca_Funza
Cundinamarca;Fúquene;6002;Cundinamarca_Fúquene
Cundinamarca;Fusagasugá;175589;Cundinamarca_Fusagasugá
Cundinamarca;Gachalá;5279;Cundinamarca_Gachalá
Cundinamarca;Gachancipá;21353;Cundinamarca_Gachancipá
Cundinamarca;Gachetá;10166;Cundinamarca_Gachetá
Cundinamarca;Gama;3773;Cundinamarca_Gama
Cundinamarca;Girardot;127078;Cundinamarca_Girardot
Cundinamarca;Granada;8708;Cundinamarca_Granada
Cundinamarca;Guachetá;16514;Cundinamarca_Guachetá
Cundinamarca;Guaduas;38181;Cundinamarca_Guaduas
Cundinamarca;Guasca;19120;Cundinamarca_Guasca
Cundinamarca;Guataquí;3534;Cundinamarca_Guataquí
Cundinamarca;Guatavita;7840;Cundinamarca_Guatavita
Cundinamarca;Guayabal de Síquima;5516;Cundinamarca_Guayabal de Síquima
Cundinamarca;Guayabetal;7763;Cundinamarca_Guayabetal
Cundinamarca;Gutiérrez;4178;Cundinamarca_Gutiérrez
Cundinamarca;Jerusalén;2741;Cundinamarca_Jerusalén
Cundinamarca;Junín;7057;Cundinamarca_Junín
Cundinamarca;La Calera;37538;Cundinamarca_La Calera
Cundinamarca;La Mesa;41213;Cundinamarca_La Mesa
Cundinamarca;La Palma;11494;Cundinamarca_La Palma
Cundinamarca;La Peña;7175;Cundinamarca_La Peña
Cundinamarca;La Vega;21300;Cundinamarca_La Vega
Cundinamarca;Lenguazaque;12486;Cundinamarca_Lenguazaque
Cundinamarca;Machetá;7396;Cundinamarca_Machetá
Cundinamarca;Madrid;143167;Cundinamarca_Madrid
Cundinamarca;Manta;4496;Cundinamarca_Manta
Cundinamarca;Medina;9667;Cundinamarca_Medina
Cundinamarca;Mosquera;159527;Cundinamarca_Mosquera
Cundinamarca;Nariño;2908;Cundinamarca_Nariño
Cundinamarca;Nemocón;16563;Cundinamarca_Nemocón
Cundinamarca;Nilo;13524;Cundinamarca_Nilo
Cundinamarca;Nimaima;4392;Cundinamarca_Nimaima
Cundinamarca;Nocaima;7529;Cundinamarca_Nocaima
Cundinamarca;Venecia;5179;Cundinamarca_Venecia
Cundinamarca;Pacho;30219;Cundinamarca_Pacho
Cundinamarca;Paime;5033;Cundinamarca_Paime
Cundinamarca;Pandi;6148;Cundinamarca_Pandi
Cundinamarca;Paratebueno;10470;Cundinamarca_Paratebueno
Cundinamarca;Pasca;11194;Cundinamarca_Pasca
Cundinamarca;Puerto Salgar;19352;Cundinamarca_Puerto Salgar
Cundinamarca;Pulí;4044;Cundinamarca_Pulí
Cundinamarca;Quebradanegra;5766;Cundinamarca_Quebradanegra
Cundinamarca;Quetame;6191;Cundinamarca_Quetame
Cundinamarca;Quipile;7590;Cundinamarca_Quipile
Cundinamarca;Apulo;10162;Cundinamarca_Apulo
Cundinamarca;Ricaurte;16295;Cundinamarca_Ricaurte
Cundinamarca;San Antonio del Tequendama;14706;Cundinamarca_San Antonio del Tequendama
Cundinamarca;San Bernardo;10304;Cundinamarca_San Bernardo
Cundinamarca;San Cayetano;5901;Cundinamarca_San Cayetano
Cundinamarca;San Francisco;13482;Cundinamarca_San Francisco
Cundinamarca;San Juan de Rioseco;9988;Cundinamarca_San Juan de Rioseco
Cundinamarca;Sasaima;13312;Cundinamarca_Sasaima
Cundinamarca;Sesquilé;14342;Cundinamarca_Sesquilé
Cundinamarca;Sibaté;42286;Cundinamarca_Sibaté
Cundinamarca;Silvania;26959;Cundinamarca_Silvania
Cundinamarca;Simijaca;16111;Cundinamarca_Simijaca
Cundinamarca;Soacha;828947;Cundinamarca_Soacha
Cundinamarca;Sopó;32725;Cundinamarca_Sopó
Cundinamarca;Subachoque;18567;Cundinamarca_Subachoque
Cundinamarca;Suesca;21387;Cundinamarca_Suesca
Cundinamarca;Supatá;6428;Cundinamarca_Supatá
Cundinamarca;Susa;7982;Cundinamarca_Susa
Cundinamarca;Sutatausa;7357;Cundinamarca_Sutatausa
Cundinamarca;Tabio;27305;Cundinamarca_Tabio
Cundinamarca;Tausa;9997;Cundinamarca_Tausa
Cundinamarca;Tena;11922;Cundinamarca_Tena
Cundinamarca;Tenjo;27644;Cundinamarca_Tenjo
Cundinamarca;Tibacuy;5334;Cundinamarca_Tibacuy
Cundinamarca;Tibirita;3862;Cundinamarca_Tibirita
Cundinamarca;Tocaima;19453;Cundinamarca_Tocaima
Cundinamarca;Tocancipá;49642;Cundinamarca_Tocancipá
Cundinamarca;Topaipí;4996;Cundinamarca_Topaipí
Cundinamarca;Ubalá;9257;Cundinamarca_Ubalá
Cundinamarca;Ubaque;8231;Cundinamarca_Ubaque
Cundinamarca;Villa de San Diego de Ubaté;53790;Cundinamarca_Villa de San Diego de Ubaté
Cundinamarca;Une;8569;Cundinamarca_Une
Cundinamarca;Útica;5202;Cundinamarca_Útica
Cundinamarca;Vergara;8304;Cundinamarca_Vergara
Cundinamarca;Vianí;5380;Cundinamarca_Vianí
Cundinamarca;Villagómez;2133;Cundinamarca_Villagómez
Cundinamarca;Villapinzón;21353;Cundinamarca_Villapinzón
Cundinamarca;Villeta;33643;Cundinamarca_Villeta
Cundinamarca;Viotá;16218;Cundinamarca_Viotá
Cundinamarca;Yacopí;14856;Cundinamarca_Yacopí
Cundinamarca;Zipacón;5782;Cundinamarca_Zipacón
Cundinamarca;Zipaquirá;165473;Cundinamarca_Zipaquirá
Chocó;Quibdó;146875;Chocó_Quibdó
Chocó;Acandí;16096;Chocó_Acandí
Chocó;Alto Baudó;31745;Chocó_Alto Baudó
Chocó;Atrato;6962;Chocó_Atrato
Chocó;Bagadó;11959;Chocó_Bagadó
Chocó;Bahía Solano;11671;Chocó_Bahía Solano
Chocó;Bajo Baudó;34457;Chocó_Bajo Baudó
Chocó;Bojayá;13935;Chocó_Bojayá
Chocó;El Cantón del San Pablo;7016;Chocó_El Cantón del San Pablo
Chocó;Carmen del Darién;22466;Chocó_Carmen del Darién
Chocó;Cértegui;6302;Chocó_Cértegui
Chocó;Condoto;14183;Chocó_Condoto
Chocó;El Carmen de Atrato;9413;Chocó_El Carmen de Atrato
Chocó;El Litoral del San Juan;25814;Chocó_El Litoral del San Juan
Chocó;Istmina;34414;Chocó_Istmina
Chocó;Juradó;7637;Chocó_Juradó
Chocó;Lloró;10745;Chocó_Lloró
Chocó;Medio Atrato;13100;Chocó_Medio Atrato
Chocó;Medio Baudó;17139;Chocó_Medio Baudó
Chocó;Medio San Juan;11945;Chocó_Medio San Juan
Chocó;Nóvita;10551;Chocó_Nóvita
Chocó;Nuquí;18502;Chocó_Nuquí
Chocó;Río Iró;5983;Chocó_Río Iró
Chocó;Río Quito;9296;Chocó_Río Quito
Chocó;Riosucio;64544;Chocó_Riosucio
Chocó;San José del Palmar;5809;Chocó_San José del Palmar
Chocó;Sipí;3664;Chocó_Sipí
Chocó;Tadó;20476;Chocó_Tadó
Chocó;Unguía;14756;Chocó_Unguía
Chocó;Unión Panamericana;7627;Chocó_Unión Panamericana
Huila;Neiva;388229;Huila_Neiva
Huila;Acevedo;27418;Huila_Acevedo
Huila;Agrado;9630;Huila_Agrado
Huila;Aipe;17715;Huila_Aipe
Huila;Algeciras;24605;Huila_Algeciras
Huila;Altamira;4660;Huila_Altamira
Huila;Baraya;9078;Huila_Baraya
Huila;Campoalegre;33882;Huila_Campoalegre
Huila;Colombia;7866;Huila_Colombia
Huila;Elías;4635;Huila_Elías
Huila;Garzón;79609;Huila_Garzón
Huila;Gigante;26926;Huila_Gigante
Huila;Guadalupe;19729;Huila_Guadalupe
Huila;Hobo;7927;Huila_Hobo
Huila;Íquira;10179;Huila_Íquira
Huila;Isnos;27847;Huila_Isnos
Huila;La Argentina;14218;Huila_La Argentina
Huila;La Plata;67206;Huila_La Plata
Huila;Nátaga;7117;Huila_Nátaga
Huila;Oporapa;12843;Huila_Oporapa
Huila;Paicol;7247;Huila_Paicol
Huila;Palermo;28899;Huila_Palermo
Huila;Palestina;12359;Huila_Palestina
Huila;Pital;15141;Huila_Pital
Huila;Pitalito;137170;Huila_Pitalito
Huila;Rivera;26742;Huila_Rivera
Huila;Saladoblanco;11545;Huila_Saladoblanco
Huila;San Agustín;36382;Huila_San Agustín
Huila;Santa María;11445;Huila_Santa María
Huila;Suaza;24108;Huila_Suaza
Huila;Tarqui;19213;Huila_Tarqui
Huila;Tesalia;11728;Huila_Tesalia
Huila;Tello;12908;Huila_Tello
Huila;Teruel;8792;Huila_Teruel
Huila;Timaná;23943;Huila_Timaná
Huila;Villavieja;7979;Huila_Villavieja
Huila;Yaguará;8398;Huila_Yaguará
La Guajira;Riohacha;230407;La Guajira_Riohacha
La Guajira;Albania;36376;La Guajira_Albania
La Guajira;Barrancas;44488;La Guajira_Barrancas
La Guajira;Dibulla;47487;La Guajira_Dibulla
La Guajira;Distracción;15873;La Guajira_Distracción
La Guajira;El Molino;8741;La Guajira_El Molino
La Guajira;Fonseca;51998;La Guajira_Fonseca
La Guajira;Hatonuevo;24792;La Guajira_Hatonuevo
La Guajira;La Jagua del Pilar;4192;La Guajira_La Jagua del Pilar
La Guajira;Maicao;206963;La Guajira_Maicao
La Guajira;Manaure;99991;La Guajira_Manaure
La Guajira;San Juan del Cesar;56829;La Guajira_San Juan del Cesar
La Guajira;Uribia;198368;La Guajira_Uribia
La Guajira;Urumita;13016;La Guajira_Urumita
La Guajira;Villanueva;34330;La Guajira_Villanueva
Magdalena;Santa Marta;566650;Magdalena_Santa Marta
Magdalena;Algarrobo;17989;Magdalena_Algarrobo
Magdalena;Aracataca;45859;Magdalena_Aracataca
Magdalena;Ariguaní;34491;Magdalena_Ariguaní
Magdalena;Cerro de San Antonio;11410;Magdalena_Cerro de San Antonio
Magdalena;Chibolo;25186;Magdalena_Chibolo
Magdalena;Ciénaga;134841;Magdalena_Ciénaga
Magdalena;Concordia;12035;Magdalena_Concordia
Magdalena;El Banco;74942;Magdalena_El Banco
Magdalena;El Piñón;25974;Magdalena_El Piñón
Magdalena;El Retén;22071;Magdalena_El Retén
Magdalena;Fundación;75845;Magdalena_Fundación
Magdalena;Guamal;30709;Magdalena_Guamal
Magdalena;Nueva Granada;22571;Magdalena_Nueva Granada
Magdalena;Pedraza;10666;Magdalena_Pedraza
Magdalena;Pijiño del Carmen;13842;Magdalena_Pijiño del Carmen
Magdalena;Pivijay;42579;Magdalena_Pivijay
Magdalena;Plato;71294;Magdalena_Plato
Magdalena;Puebloviejo;34583;Magdalena_Puebloviejo
Magdalena;Remolino;13084;Magdalena_Remolino
Magdalena;Sabanas de San Ángel;17856;Magdalena_Sabanas de San Ángel
Magdalena;Salamina;12258;Magdalena_Salamina
Magdalena;San Sebastián de Buenavista;22641;Magdalena_San Sebastián de Buenavista
Magdalena;San Zenón;13629;Magdalena_San Zenón
Magdalena;Santa Ana;28257;Magdalena_Santa Ana
Magdalena;Santa Bárbara de Pinto;11867;Magdalena_Santa Bárbara de Pinto
Magdalena;Sitionuevo;31194;Magdalena_Sitionuevo
Magdalena;Tenerife;15071;Magdalena_Tenerife
Magdalena;Zapayán;11118;Magdalena_Zapayán
Magdalena;Zona Bananera;78526;Magdalena_Zona Bananera
Meta;Villavicencio;593273;Meta_Villavicencio
Meta;Acacías;97925;Meta_Acacías
Meta;Barranca de Upía;7266;Meta_Barranca de Upía
Meta;Cabuyaro;6736;Meta_Cabuyaro
Meta;Castilla la Nueva;16102;Meta_Castilla la Nueva
Meta;Cubarral;7946;Meta_Cubarral
Meta;Cumaral;25518;Meta_Cumaral
Meta;El Calvario;1930;Meta_El Calvario
Meta;El Castillo;8768;Meta_El Castillo
Meta;El Dorado;4424;Meta_El Dorado
Meta;Fuente de Oro;13503;Meta_Fuente de Oro
Meta;Granada;77074;Meta_Granada
Meta;Guamal;15783;Meta_Guamal
Meta;Mapiripán;7678;Meta_Mapiripán
Meta;Mesetas;12530;Meta_Mesetas
Meta;La Macarena;29573;Meta_La Macarena
Meta;Uribe;10260;Meta_Uribe
Meta;Lejanías;12721;Meta_Lejanías
Meta;Puerto Concordia;9296;Meta_Puerto Concordia
Meta;Puerto Gaitán;46689;Meta_Puerto Gaitán
Meta;Puerto López;33995;Meta_Puerto López
Meta;Puerto Lleras;11627;Meta_Puerto Lleras
Meta;Puerto Rico;13997;Meta_Puerto Rico
Meta;Restrepo;20430;Meta_Restrepo
Meta;San Carlos de Guaroa;13793;Meta_San Carlos de Guaroa
Meta;San Juan de Arama;10127;Meta_San Juan de Arama
Meta;San Juanito;1447;Meta_San Juanito
Meta;San Martín;30310;Meta_San Martín
Meta;Vistahermosa;19630;Meta_Vistahermosa
Nariño;Pasto;415937;Nariño_Pasto
Nariño;Albán;10113;Nariño_Albán
Nariño;Aldana;7818;Nariño_Aldana
Nariño;Ancuya;9165;Nariño_Ancuya
Nariño;Arboleda;9222;Nariño_Arboleda
Nariño;Barbacoas;58878;Nariño_Barbacoas
Nariño;Belén;6670;Nariño_Belén
Nariño;Buesaco;25213;Nariño_Buesaco
Nariño;Colón;8950;Nariño_Colón
Nariño;Consacá;14561;Nariño_Consacá
Nariño;Contadero;7666;Nariño_Contadero
Nariño;Córdoba;16398;Nariño_Córdoba
Nariño;Cuaspud Carlosama;9753;Nariño_Cuaspud Carlosama
Nariño;Cumbal;38963;Nariño_Cumbal
Nariño;Cumbitara;6232;Nariño_Cumbitara
Nariño;Chachagüí;16022;Nariño_Chachagüí
Nariño;El Charco;23396;Nariño_El Charco
Nariño;El Peñol;7804;Nariño_El Peñol
Nariño;El Rosario;13010;Nariño_El Rosario
Nariño;El Tablón de Gómez;15184;Nariño_El Tablón de Gómez
Nariño;El Tambo;14996;Nariño_El Tambo
Nariño;Funes;7566;Nariño_Funes
Nariño;Guachucal;20578;Nariño_Guachucal
Nariño;Guaitarilla;12049;Nariño_Guaitarilla
Nariño;Gualmatán;7445;Nariño_Gualmatán
Nariño;Iles;8049;Nariño_Iles
Nariño;Imués;8029;Nariño_Imués
Nariño;Ipiales;122161;Nariño_Ipiales
Nariño;La Cruz;19655;Nariño_La Cruz
Nariño;La Florida;10591;Nariño_La Florida
Nariño;La Llanada;6699;Nariño_La Llanada
Nariño;La Tola;7739;Nariño_La Tola
Nariño;La Unión;33657;Nariño_La Unión
Nariño;Leiva;10263;Nariño_Leiva
Nariño;Linares;10651;Nariño_Linares
Nariño;Los Andes;9880;Nariño_Los Andes
Nariño;Magüí;26239;Nariño_Magüí
Nariño;Mallama;9492;Nariño_Mallama
Nariño;Mosquera;12687;Nariño_Mosquera
Nariño;Nariño;4594;Nariño_Nariño
Nariño;Olaya Herrera;26611;Nariño_Olaya Herrera
Nariño;Ospina;7475;Nariño_Ospina
Nariño;Francisco Pizarro;15025;Nariño_Francisco Pizarro
Nariño;Policarpa;10435;Nariño_Policarpa
Nariño;Potosí;10848;Nariño_Potosí
Nariño;Providencia;5864;Nariño_Providencia
Nariño;Puerres;8943;Nariño_Puerres
Nariño;Pupiales;18412;Nariño_Pupiales
Nariño;Ricaurte;20762;Nariño_Ricaurte
Nariño;Roberto Payán;13391;Nariño_Roberto Payán
Nariño;Samaniego;30311;Nariño_Samaniego
Nariño;Sandoná;21513;Nariño_Sandoná
Nariño;San Bernardo;9695;Nariño_San Bernardo
Nariño;San Lorenzo;19508;Nariño_San Lorenzo
Nariño;San Pablo;16047;Nariño_San Pablo
Nariño;San Pedro de Cartago;7179;Nariño_San Pedro de Cartago
Nariño;Santa Bárbara;14223;Nariño_Santa Bárbara
Nariño;Santacruz;11413;Nariño_Santacruz
Nariño;Sapuyes;7735;Nariño_Sapuyes
Nariño;Taminango;18726;Nariño_Taminango
Nariño;Tangua;14244;Nariño_Tangua
Nariño;San Andrés de Tumaco;268311;Nariño_San Andrés de Tumaco
Nariño;Túquerres;47092;Nariño_Túquerres
Nariño;Yacuanquer;11543;Nariño_Yacuanquer
Norte de Santander;San José de Cúcuta;815891;Norte de Santander_San José de Cúcuta
Norte de Santander;Ábrego;36177;Norte de Santander_Ábrego
Norte de Santander;Arboledas;11081;Norte de Santander_Arboledas
Norte de Santander;Bochalema;9436;Norte de Santander_Bochalema
Norte de Santander;Bucarasica;7307;Norte de Santander_Bucarasica
Norte de Santander;Cácota;3206;Norte de Santander_Cácota
Norte de Santander;Cáchira;12588;Norte de Santander_Cáchira
Norte de Santander;Chinácota;19976;Norte de Santander_Chinácota
Norte de Santander;Chitagá;13374;Norte de Santander_Chitagá
Norte de Santander;Convención;21297;Norte de Santander_Convención
Norte de Santander;Cucutilla;9336;Norte de Santander_Cucutilla
Norte de Santander;Durania;5220;Norte de Santander_Durania
Norte de Santander;El Carmen;15178;Norte de Santander_El Carmen
Norte de Santander;El Tarra;23617;Norte de Santander_El Tarra
Norte de Santander;El Zulia;30948;Norte de Santander_El Zulia
Norte de Santander;Gramalote;8399;Norte de Santander_Gramalote
Norte de Santander;Hacarí;11624;Norte de Santander_Hacarí
Norte de Santander;Herrán;7905;Norte de Santander_Herrán
Norte de Santander;Labateca;7226;Norte de Santander_Labateca
Norte de Santander;La Esperanza;13189;Norte de Santander_La Esperanza
Norte de Santander;La Playa;8786;Norte de Santander_La Playa
Norte de Santander;Los Patios;104287;Norte de Santander_Los Patios
Norte de Santander;Lourdes;4555;Norte de Santander_Lourdes
Norte de Santander;Mutiscua;4876;Norte de Santander_Mutiscua
Norte de Santander;Ocaña;135990;Norte de Santander_Ocaña
Norte de Santander;Pamplona;57176;Norte de Santander_Pamplona
Norte de Santander;Pamplonita;6282;Norte de Santander_Pamplonita
Norte de Santander;Puerto Santander;9935;Norte de Santander_Puerto Santander
Norte de Santander;Ragonvalia;6792;Norte de Santander_Ragonvalia
Norte de Santander;Salazar;11733;Norte de Santander_Salazar
Norte de Santander;San Calixto;14618;Norte de Santander_San Calixto
Norte de Santander;San Cayetano;8128;Norte de Santander_San Cayetano
Norte de Santander;Santiago;3901;Norte de Santander_Santiago
Norte de Santander;Sardinata;29146;Norte de Santander_Sardinata
Norte de Santander;Silos;7153;Norte de Santander_Silos
Norte de Santander;Teorama;18839;Norte de Santander_Teorama
Norte de Santander;Tibú;62474;Norte de Santander_Tibú
Norte de Santander;Toledo;17811;Norte de Santander_Toledo
Norte de Santander;Villa Caro;5778;Norte de Santander_Villa Caro
Norte de Santander;Villa del Rosario;116757;Norte de Santander_Villa del Rosario
Quindio;Armenia;310817;Quindio_Armenia
Quindio;Buenavista;3257;Quindio_Buenavista
Quindio;Calarcá;76735;Quindio_Calarcá
Quindio;Circasia;29789;Quindio_Circasia
Quindio;Córdoba;5954;Quindio_Córdoba
Quindio;Filandia;12729;Quindio_Filandia
Quindio;Génova;7809;Quindio_Génova
Quindio;La Tebaida;35343;Quindio_La Tebaida
Quindio;Montenegro;38619;Quindio_Montenegro
Quindio;Pijao;5487;Quindio_Pijao
Quindio;Quimbaya;32175;Quindio_Quimbaya
Quindio;Salento;9846;Quindio_Salento
Risaralda;Pereira;482824;Risaralda_Pereira
Risaralda;Apía;12645;Risaralda_Apía
Risaralda;Balboa;6525;Risaralda_Balboa
Risaralda;Belén de Umbría;25339;Risaralda_Belén de Umbría
Risaralda;Dosquebradas;226152;Risaralda_Dosquebradas
Risaralda;Guática;12451;Risaralda_Guática
Risaralda;La Celia;7669;Risaralda_La Celia
Risaralda;La Virginia;28555;Risaralda_La Virginia
Risaralda;Marsella;17240;Risaralda_Marsella
Risaralda;Mistrató;17587;Risaralda_Mistrató
Risaralda;Pueblo Rico;16792;Risaralda_Pueblo Rico
Risaralda;Quinchía;27980;Risaralda_Quinchía
Risaralda;Santa Rosa de Cabal;80012;Risaralda_Santa Rosa de Cabal
Risaralda;Santuario;12868;Risaralda_Santuario
Santander;Bucaramanga;623881;Santander_Bucaramanga
Santander;Aguada;1958;Santander_Aguada
Santander;Albania;4352;Santander_Albania
Santander;Aratoca;8787;Santander_Aratoca
Santander;Barbosa;33341;Santander_Barbosa
Santander;Barichara;11242;Santander_Barichara
Santander;Barrancabermeja;217742;Santander_Barrancabermeja
Santander;Betulia;6313;Santander_Betulia
Santander;Bolívar;12000;Santander_Bolívar
Santander;Cabrera;2046;Santander_Cabrera
Santander;California;2275;Santander_California
Santander;Capitanejo;5777;Santander_Capitanejo
Santander;Carcasí;4494;Santander_Carcasí
Santander;Cepitá;2133;Santander_Cepitá
Santander;Cerrito;7159;Santander_Cerrito
Santander;Charalá;12924;Santander_Charalá
Santander;Charta;3040;Santander_Charta
Santander;Chimá;3030;Santander_Chimá
Santander;Chipatá;5399;Santander_Chipatá
Santander;Cimitarra;35979;Santander_Cimitarra
Santander;Concepción;6086;Santander_Concepción
Santander;Confines;3272;Santander_Confines
Santander;Contratación;3896;Santander_Contratación
Santander;Coromoro;5334;Santander_Coromoro
Santander;Curití;13398;Santander_Curití
Santander;El Carmen de Chucurí;22758;Santander_El Carmen de Chucurí
Santander;El Guacamayo;2291;Santander_El Guacamayo
Santander;El Peñón;5443;Santander_El Peñón
Santander;El Playón;14313;Santander_El Playón
Santander;Encino;2756;Santander_Encino
Santander;Enciso;3677;Santander_Enciso
Santander;Florián;6127;Santander_Florián
Santander;Floridablanca;342373;Santander_Floridablanca
Santander;Galán;3059;Santander_Galán
Santander;Gámbita;4251;Santander_Gámbita
Santander;Girón;176745;Santander_Girón
Santander;Guaca;6339;Santander_Guaca
Santander;Guadalupe;4782;Santander_Guadalupe
Santander;Guapotá;2533;Santander_Guapotá
Santander;Guavatá;4484;Santander_Guavatá
Santander;Güepsa;5441;Santander_Güepsa
Santander;Hato;2443;Santander_Hato
Santander;Jesús María;3469;Santander_Jesús María
Santander;Jordán;1413;Santander_Jordán
Santander;La Belleza;6727;Santander_La Belleza
Santander;Landázuri;10782;Santander_Landázuri
Santander;La Paz;5267;Santander_La Paz
Santander;Lebrija;46375;Santander_Lebrija
Santander;Los Santos;15608;Santander_Los Santos
Santander;Macaravita;2289;Santander_Macaravita
Santander;Málaga;21866;Santander_Málaga
Santander;Matanza;5377;Santander_Matanza
Santander;Mogotes;10966;Santander_Mogotes
Santander;Molagavita;4355;Santander_Molagavita
Santander;Ocamonte;6252;Santander_Ocamonte
Santander;Oiba;11194;Santander_Oiba
Santander;Onzaga;4329;Santander_Onzaga
Santander;Palmar;1501;Santander_Palmar
Santander;Palmas del Socorro;2688;Santander_Palmas del Socorro
Santander;Páramo;4947;Santander_Páramo
Santander;Piedecuesta;193440;Santander_Piedecuesta
Santander;Pinchote;5544;Santander_Pinchote
Santander;Puente Nacional;15716;Santander_Puente Nacional
Santander;Puerto Parra;8003;Santander_Puerto Parra
Santander;Puerto Wilches;36165;Santander_Puerto Wilches
Santander;Rionegro;27283;Santander_Rionegro
Santander;Sabana de Torres;35145;Santander_Sabana de Torres
Santander;San Andrés;9227;Santander_San Andrés
Santander;San Benito;3089;Santander_San Benito
Santander;San Gil;64138;Santander_San Gil
Santander;San Joaquín;2325;Santander_San Joaquín
Santander;San José de Miranda;4489;Santander_San José de Miranda
Santander;San Miguel;2711;Santander_San Miguel
Santander;San Vicente de Chucurí;37031;Santander_San Vicente de Chucurí
Santander;Santa Bárbara;2532;Santander_Santa Bárbara
Santander;Santa Helena del Opón;3601;Santander_Santa Helena del Opón
Santander;Simacota;10882;Santander_Simacota
Santander;Socorro;36199;Santander_Socorro
Santander;Suaita;10783;Santander_Suaita
Santander;Sucre;7643;Santander_Sucre
Santander;Suratá;4167;Santander_Suratá
Santander;Tona;7718;Santander_Tona
Santander;Valle de San José;6444;Santander_Valle de San José
Santander;Vélez;26504;Santander_Vélez
Santander;Vetas;2388;Santander_Vetas
Santander;Villanueva;8875;Santander_Villanueva
Santander;Zapatoca;10094;Santander_Zapatoca
Sucre;Sincelejo;317629;Sucre_Sincelejo
Sucre;Buenavista;11469;Sucre_Buenavista
Sucre;Caimito;17392;Sucre_Caimito
Sucre;Coloso;9522;Sucre_Coloso
Sucre;Corozal;72063;Sucre_Corozal
Sucre;Coveñas;21626;Sucre_Coveñas
Sucre;Chalán;4897;Sucre_Chalán
Sucre;El Roble;10551;Sucre_El Roble
Sucre;Galeras;24801;Sucre_Galeras
Sucre;Guaranda;19364;Sucre_Guaranda
Sucre;La Unión;14662;Sucre_La Unión
Sucre;Los Palmitos;25179;Sucre_Los Palmitos
Sucre;Majagual;42660;Sucre_Majagual
Sucre;Morroa;16734;Sucre_Morroa
Sucre;Ovejas;24361;Sucre_Ovejas
Sucre;Palmito;16630;Sucre_Palmito
Sucre;Sampués;53829;Sucre_Sampués
Sucre;San Benito Abad;31633;Sucre_San Benito Abad
Sucre;San Juan de Betulia;14615;Sucre_San Juan de Betulia
Sucre;San Marcos;62967;Sucre_San Marcos
Sucre;San Onofre;57776;Sucre_San Onofre
Sucre;San Pedro;20515;Sucre_San Pedro
Sucre;San Luis de Sincé;33783;Sucre_San Luis de Sincé
Sucre;Sucre;33360;Sucre_Sucre
Sucre;Santiago de Tolú;35167;Sucre_Santiago de Tolú
Sucre;Tolú Viejo;23641;Sucre_Tolú Viejo
Tolima;Ibagué;546003;Tolima_Ibagué
Tolima;Alpujarra;4755;Tolima_Alpujarra
Tolima;Alvarado;9402;Tolima_Alvarado
Tolima;Ambalema;6929;Tolima_Ambalema
Tolima;Anzoátegui;10639;Tolima_Anzoátegui
Tolima;Armero;13630;Tolima_Armero
Tolima;Ataco;20204;Tolima_Ataco
Tolima;Cajamarca;19520;Tolima_Cajamarca
Tolima;Carmen de Apicalá;11267;Tolima_Carmen de Apicalá
Tolima;Casabianca;6469;Tolima_Casabianca
Tolima;Chaparral;55128;Tolima_Chaparral
Tolima;Coello;8575;Tolima_Coello
Tolima;Coyaima;23736;Tolima_Coyaima
Tolima;Cunday;8824;Tolima_Cunday
Tolima;Dolores;8701;Tolima_Dolores
Tolima;Espinal;75639;Tolima_Espinal
Tolima;Falan;8000;Tolima_Falan
Tolima;Flandes;30466;Tolima_Flandes
Tolima;Fresno;32313;Tolima_Fresno
Tolima;Guamo;35079;Tolima_Guamo
Tolima;Herveo;7743;Tolima_Herveo
Tolima;Honda;26269;Tolima_Honda
Tolima;Icononzo;12700;Tolima_Icononzo
Tolima;Lérida;18848;Tolima_Lérida
Tolima;Líbano;38239;Tolima_Líbano
Tolima;Mariquita;39696;Tolima_Mariquita
Tolima;Melgar;38299;Tolima_Melgar
Tolima;Murillo;4499;Tolima_Murillo
Tolima;Natagaima;14994;Tolima_Natagaima
Tolima;Ortega;34958;Tolima_Ortega
Tolima;Palocabildo;9821;Tolima_Palocabildo
Tolima;Piedras;7102;Tolima_Piedras
Tolima;Planadas;27601;Tolima_Planadas
Tolima;Prado;8860;Tolima_Prado
Tolima;Purificación;24185;Tolima_Purificación
Tolima;Rioblanco;23540;Tolima_Rioblanco
Tolima;Roncesvalles;5673;Tolima_Roncesvalles
Tolima;Rovira;22594;Tolima_Rovira
Tolima;Saldaña;15013;Tolima_Saldaña
Tolima;San Antonio;13592;Tolima_San Antonio
Tolima;San Luis;13541;Tolima_San Luis
Tolima;Santa Isabel;5837;Tolima_Santa Isabel
Tolima;Suárez;3973;Tolima_Suárez
Tolima;Valle de San Juan;5559;Tolima_Valle de San Juan
Tolima;Venadillo;13324;Tolima_Venadillo
Tolima;Villahermosa;9842;Tolima_Villahermosa
Tolima;Villarrica;5245;Tolima_Villarrica
Valle del Cauca;Cali;2285099;Valle del Cauca_Cali
Valle del Cauca;Alcalá;14929;Valle del Cauca_Alcalá
Valle del Cauca;Andalucía;23054;Valle del Cauca_Andalucía
Valle del Cauca;Ansermanuevo;18399;Valle del Cauca_Ansermanuevo
Valle del Cauca;Argelia;5558;Valle del Cauca_Argelia
Valle del Cauca;Bolívar;16496;Valle del Cauca_Bolívar
Valle del Cauca;Buenaventura;324644;Valle del Cauca_Buenaventura
Valle del Cauca;Guadalajara de Buga;133907;Valle del Cauca_Guadalajara de Buga
Valle del Cauca;Bugalagrande;26208;Valle del Cauca_Bugalagrande
Valle del Cauca;Caicedonia;29646;Valle del Cauca_Caicedonia
Valle del Cauca;Calima;19461;Valle del Cauca_Calima
Valle del Cauca;Candelaria;94202;Valle del Cauca_Candelaria
Valle del Cauca;Cartago;143522;Valle del Cauca_Cartago
Valle del Cauca;Dagua;49864;Valle del Cauca_Dagua
Valle del Cauca;El Águila;9185;Valle del Cauca_El Águila
Valle del Cauca;El Cairo;7059;Valle del Cauca_El Cairo
Valle del Cauca;El Cerrito;58042;Valle del Cauca_El Cerrito
Valle del Cauca;El Dovio;9246;Valle del Cauca_El Dovio
Valle del Cauca;Florida;58566;Valle del Cauca_Florida
Valle del Cauca;Ginebra;25186;Valle del Cauca_Ginebra
Valle del Cauca;Guacarí;35614;Valle del Cauca_Guacarí
Valle del Cauca;Jamundí;181942;Valle del Cauca_Jamundí
Valle del Cauca;La Cumbre;17397;Valle del Cauca_La Cumbre
Valle del Cauca;La Unión;34788;Valle del Cauca_La Unión
Valle del Cauca;La Victoria;12511;Valle del Cauca_La Victoria
Valle del Cauca;Obando;12663;Valle del Cauca_Obando
Valle del Cauca;Palmira;359888;Valle del Cauca_Palmira
Valle del Cauca;Pradera;49487;Valle del Cauca_Pradera
Valle del Cauca;Restrepo;16596;Valle del Cauca_Restrepo
Valle del Cauca;Riofrío;16014;Valle del Cauca_Riofrío
Valle del Cauca;Roldanillo;37806;Valle del Cauca_Roldanillo
Valle del Cauca;San Pedro;18196;Valle del Cauca_San Pedro
Valle del Cauca;Sevilla;43890;Valle del Cauca_Sevilla
Valle del Cauca;Toro;15013;Valle del Cauca_Toro
Valle del Cauca;Trujillo;19790;Valle del Cauca_Trujillo
Valle del Cauca;Tuluá;233385;Valle del Cauca_Tuluá
Valle del Cauca;Ulloa;5847;Valle del Cauca_Ulloa
Valle del Cauca;Versalles;7475;Valle del Cauca_Versalles
Valle del Cauca;Vijes;13324;Valle del Cauca_Vijes
Valle del Cauca;Yotoco;16466;Valle del Cauca_Yotoco
Valle del Cauca;Yumbo;108895;Valle del Cauca_Yumbo
Valle del Cauca;Zarzal;43252;Valle del Cauca_Zarzal
Arauca;Arauca;101658;Arauca_Arauca
Arauca;Arauquita;64172;Arauca_Arauquita
Arauca;Cravo Norte;4631;Arauca_Cravo Norte
Arauca;Fortul;24446;Arauca_Fortul
Arauca;Puerto Rondón;5290;Arauca_Puerto Rondón
Arauca;Saravena;65754;Arauca_Saravena
Arauca;Tame;54772;Arauca_Tame
Casanare;Yopal;196758;Casanare_Yopal
Casanare;Aguazul;41758;Casanare_Aguazul
Casanare;Chámeza;2581;Casanare_Chámeza
Casanare;Hato Corozal;14092;Casanare_Hato Corozal
Casanare;La Salina;1450;Casanare_La Salina
Casanare;Maní;18551;Casanare_Maní
Casanare;Monterrey;19752;Casanare_Monterrey
Casanare;Nunchía;10139;Casanare_Nunchía
Casanare;Orocué;14280;Casanare_Orocué
Casanare;Paz de Ariporo;41591;Casanare_Paz de Ariporo
Casanare;Pore;13068;Casanare_Pore
Casanare;Recetor;1601;Casanare_Recetor
Casanare;Sabanalarga;4156;Casanare_Sabanalarga
Casanare;Sácama;2413;Casanare_Sácama
Casanare;San Luis de Palenque;9135;Casanare_San Luis de Palenque
Casanare;Támara;7181;Casanare_Támara
Casanare;Tauramena;27184;Casanare_Tauramena
Casanare;Trinidad;15432;Casanare_Trinidad
Casanare;Villanueva;40816;Casanare_Villanueva
Putumayo;Mocoa;65894;Putumayo_Mocoa
Putumayo;Colón;5954;Putumayo_Colón
Putumayo;Orito;41474;Putumayo_Orito
Putumayo;Puerto Asís;74264;Putumayo_Puerto Asís
Putumayo;Puerto Caicedo;17244;Putumayo_Puerto Caicedo
Putumayo;Puerto Guzmán;39052;Putumayo_Puerto Guzmán
Putumayo;Puerto Leguízamo;33166;Putumayo_Puerto Leguízamo
Putumayo;Sibundoy;17211;Putumayo_Sibundoy
Putumayo;San Francisco;6419;Putumayo_San Francisco
Putumayo;San Miguel;21564;Putumayo_San Miguel
Putumayo;Santiago;7917;Putumayo_Santiago
Putumayo;Valle del Guamuez;36335;Putumayo_Valle del Guamuez
Putumayo;Villagarzón;27494;Putumayo_Villagarzón
Archipiélago de San Andrés;San Andrés;56241;Archipiélago de San Andrés_San Andrés
Archipiélago de San Andrés;Providencia;5940;Archipiélago de San Andrés_Providencia
Amazonas;Leticia;55691;Amazonas_Leticia
Amazonas;El Encanto (ANM);2172;Amazonas_El Encanto 
Amazonas;La Chorrera (ANM);3246;Amazonas_La Chorrera 
Amazonas;La Pedrera (ANM);4307;Amazonas_La Pedrera 
Amazonas;La Victoria (ANM);702;Amazonas_La Victoria 
Amazonas;Miriti - Paraná (ANM);1963;Amazonas_Miriti  Paraná 
Amazonas;Puerto Alegría (ANM);803;Amazonas_Puerto Alegría 
Amazonas;Puerto Arica (ANM);1119;Amazonas_Puerto Arica 
Amazonas;Puerto Nariño;11048;Amazonas_Puerto Nariño
Amazonas;Puerto Santander (ANM);1994;Amazonas_Puerto Santander 
Amazonas;Tarapacá (ANM);4435;Amazonas_Tarapacá 
Guainía;Inírida;38767;Guainía_Inírida
Guainía;Barrancominas*;11326;Guainía_Barrancominas
Guainía;Mapiripana (ANM);0;Guainía_Mapiripana 
Guainía;San Felipe (ANM);2051;Guainía_San Felipe 
Guainía;Puerto Colombia (ANM);2273;Guainía_Puerto Colombia 
Guainía;La Guadalupe (ANM);341;Guainía_La Guadalupe 
Guainía;Cacahual (ANM);1039;Guainía_Cacahual 
Guainía;Pana Pana (ANM);2371;Guainía_Pana Pana 
Guainía;Morichal (ANM);1072;Guainía_Morichal 
Guaviare;San José del Guaviare;64930;Guaviare_San José del Guaviare
Guaviare;Calamar;11935;Guaviare_Calamar
Guaviare;El Retorno;17957;Guaviare_El Retorno
Guaviare;Miraflores;8415;Guaviare_Miraflores
Vaupés;Mitú;35749;Vaupés_Mitú
Vaupés;Carurú;3708;Vaupés_Carurú
Vaupés;Pacoa (ANM);4918;Vaupés_Pacoa
Vaupés;Taraira;2658;Vaupés_Taraira
Vaupés;Papunahua (ANM);844;Vaupés_Papunahua 
Vaupés;Yavaraté (ANM);1265;Vaupés_Yavaraté
Vichada;Puerto Carreño;22963;Vichada_Puerto Carreño
Vichada;La Primavera;11380;Vichada_La Primavera
Vichada;Santa Rosalía;4732;Vichada_Santa Rosalía
Vichada;Cumaribo;88392;Vichada_Cumaribo
